﻿Designator,Footprint,Quantity,Value,LCSC Part #
C1,0805,1,1uF,
J1,JST_XH_B2B-XH-A_1x02_P2.50mm_Vertical,1,A,
J2,JST_XH_B2B-XH-A_1x02_P2.50mm_Vertical,1,B,
J3,JST_XH_B2B-XH-A_1x02_P2.50mm_Vertical,1,C,
J4,JST_XH_B2B-XH-A_1x02_P2.50mm_Vertical,1,D,
J5,JST_XH_B2B-XH-A_1x02_P2.50mm_Vertical,1,START,
J6,JST_XH_B2B-XH-A_1x02_P2.50mm_Vertical,1,SELECT,
J7,JST_XH_B5B-XH-A_1x05_P2.50mm_Vertical,1,JOY,
J8,JST_PH_B2B-PH-K_1x02_P2.00mm_Vertical,1,BATTERY,
SW1,SW_DIP_SPSTx02_Slide_9.78x7.26mm_W7.62mm_P2.54mm,1,OPTS,
U1,RP2040-Zero,1,RP2040-Zero,
U2,NRF24L01-SMD,1,NRF24L01,
